START TRANSACTION;
INSERT INTO `cryo`.`user` (`id`, `name`, `email`, `password`, `about`, `avatar_id`, `type`, `is_active`, `is_subscriber`, `last_mail_date`) VALUES
 ('101','Test user №1','cryo.test@yandex.ru','tester','user for test API Mailer',NULL,'user',1,1,2013-01-01),
 ('102','Test user №2','cryo.test@yandex.com','tester','user for test API Mailer',NULL,'user',1,1,2013-01-01),
 ('103','Test user №3','cryo.test@yandex.ua','tester','user for test API Mailer',NULL,'user',1,1,2013-01-01),
 ('104','Test user №4','cryo.test@yandex.kz','tester','user for test API Mailer',NULL,'user',1,1,2013-01-01),
 ('105','Test user №5','cryo.test@yandex.by','tester','user for test API Mailer',NULL,'user',1,1,2013-01-01),
 ('106','Test user №6','cryo.test@ya.ru','tester','user for test API Mailer',NULL,'user',1,1,2013-01-01),
 ('107','Test user №7','cryo.test@yandex.ru','tester','user for test API Mailer',NULL,'user',1,1,2013-01-01),
 ('108','Test user №8','cryo.test@yandex.com','tester','user for test API Mailer',NULL,'user',1,1,2013-01-01),
 ('109','Test user №9','cryo.test@yandex.ua','tester','user for test API Mailer',NULL,'user',1,1,2013-01-01),
 ('110','Test user №10','cryo.test@yandex.kz','tester','user for test API Mailer',NULL,'user',1,1,2013-01-01),
 ('111','Test user №11','cryo.test@yandex.by','tester','user for test API Mailer',NULL,'user',1,1,2013-01-01),
 ('112','Test user №12','cryo.test@ya.ru','tester','user for test API Mailer',NULL,'user',1,1,2013-01-01),
 ('113','Test user №13','cryo.test@yandex.ru','tester','user for test API Mailer',NULL,'user',1,1,2013-01-01),
 ('114','Test user №14','cryo.test@yandex.com','tester','user for test API Mailer',NULL,'user',1,1,2013-01-01),
 ('115','Test user №15','cryo.test@yandex.ua','tester','user for test API Mailer',NULL,'user',1,1,2013-01-01),
 ('116','Test user №16','cryo.test@yandex.kz','tester','user for test API Mailer',NULL,'user',1,1,2013-01-01),
 ('117','Test user №17','cryo.test@yandex.by','tester','user for test API Mailer',NULL,'user',1,1,2013-01-01),
 ('118','Test user №18','cryo.test@ya.ru','tester','user for test API Mailer',NULL,'user',1,1,2013-01-01),
 ('119','Test user №19','cryo.test@yandex.ru','tester','user for test API Mailer',NULL,'user',1,1,2013-01-01),
 ('120','Test user №20','cryo.test@yandex.com','tester','user for test API Mailer',NULL,'user',1,1,2013-01-01),
 ('121','Test user №21','cryo.test@yandex.ua','tester','user for test API Mailer',NULL,'user',1,1,2013-01-01),
 ('122','Test user №22','cryo.test@yandex.kz','tester','user for test API Mailer',NULL,'user',1,1,2013-01-01),
 ('123','Test user №23','cryo.test@yandex.by','tester','user for test API Mailer',NULL,'user',1,1,2013-01-01),
 ('124','Test user №24','cryo.test@ya.ru','tester','user for test API Mailer',NULL,'user',1,1,2013-01-01),
 ('125','Test user №25','cryo.test@yandex.ru','tester','user for test API Mailer',NULL,'user',1,1,2013-01-01),
 ('126','Test user №26','cryo.test@yandex.com','tester','user for test API Mailer',NULL,'user',1,1,2013-01-01),
 ('127','Test user №27','cryo.test@yandex.ua','tester','user for test API Mailer',NULL,'user',1,1,2013-01-01),
 ('128','Test user №28','cryo.test@yandex.kz','tester','user for test API Mailer',NULL,'user',1,1,2013-01-01),
 ('129','Test user №29','cryo.test@yandex.by','tester','user for test API Mailer',NULL,'user',1,1,2013-01-01),
 ('130','Test user №30','cryo.test@ya.ru','tester','user for test API Mailer',NULL,'user',1,1,2013-01-01),
 ('131','Test user №31','cryo.test@yandex.ru','tester','user for test API Mailer',NULL,'user',1,1,2013-01-01),
 ('132','Test user №32','cryo.test@yandex.com','tester','user for test API Mailer',NULL,'user',1,1,2013-01-01),
 ('133','Test user №33','cryo.test@yandex.ua','tester','user for test API Mailer',NULL,'user',1,1,2013-01-01),
 ('134','Test user №34','cryo.test@yandex.kz','tester','user for test API Mailer',NULL,'user',1,1,2013-01-01),
 ('135','Test user №35','cryo.test@yandex.by','tester','user for test API Mailer',NULL,'user',1,1,2013-01-01),
 ('136','Test user №36','cryo.test@ya.ru','tester','user for test API Mailer',NULL,'user',1,1,2013-01-01),
 ('137','Test user №37','cryo.test@yandex.ru','tester','user for test API Mailer',NULL,'user',1,1,2013-01-01),
 ('138','Test user №38','cryo.test@yandex.com','tester','user for test API Mailer',NULL,'user',1,1,2013-01-01),
 ('139','Test user №39','cryo.test@yandex.ua','tester','user for test API Mailer',NULL,'user',1,1,2013-01-01),
 ('140','Test user №40','cryo.test@yandex.kz','tester','user for test API Mailer',NULL,'user',1,1,2013-01-01),
 ('141','Test user №41','cryo.test@yandex.by','tester','user for test API Mailer',NULL,'user',1,1,2013-01-01),
 ('142','Test user №42','cryo.test@ya.ru','tester','user for test API Mailer',NULL,'user',1,1,2013-01-01),
 ('143','Test user №43','cryo.test@yandex.ru','tester','user for test API Mailer',NULL,'user',1,1,2013-01-01),
 ('144','Test user №44','cryo.test@yandex.com','tester','user for test API Mailer',NULL,'user',1,1,2013-01-01),
 ('145','Test user №45','cryo.test@yandex.ua','tester','user for test API Mailer',NULL,'user',1,1,2013-01-01),
 ('146','Test user №46','cryo.test@yandex.kz','tester','user for test API Mailer',NULL,'user',1,1,2013-01-01),
 ('147','Test user №47','cryo.test@yandex.by','tester','user for test API Mailer',NULL,'user',1,1,2013-01-01),
 ('148','Test user №48','cryo.test@ya.ru','tester','user for test API Mailer',NULL,'user',1,1,2013-01-01),
 ('149','Test user №49','cryo.test@yandex.ru','tester','user for test API Mailer',NULL,'user',1,1,2013-01-01),
 ('150','Test user №50','cryo.test@yandex.com','tester','user for test API Mailer',NULL,'user',1,1,2013-01-01),
 ('151','Test user №51','cryo.test@yandex.ua','tester','user for test API Mailer',NULL,'user',1,1,2013-01-01),
 ('152','Test user №52','cryo.test@yandex.kz','tester','user for test API Mailer',NULL,'user',1,1,2013-01-01),
 ('153','Test user №53','cryo.test@yandex.by','tester','user for test API Mailer',NULL,'user',1,1,2013-01-01),
 ('154','Test user №54','cryo.test@ya.ru','tester','user for test API Mailer',NULL,'user',1,1,2013-01-01),
 ('155','Test user №55','cryo.test@yandex.ru','tester','user for test API Mailer',NULL,'user',1,1,2013-01-01),
 ('156','Test user №56','cryo.test@yandex.com','tester','user for test API Mailer',NULL,'user',1,1,2013-01-01),
 ('157','Test user №57','cryo.test@yandex.ua','tester','user for test API Mailer',NULL,'user',1,1,2013-01-01),
 ('158','Test user №58','cryo.test@yandex.kz','tester','user for test API Mailer',NULL,'user',1,1,2013-01-01),
 ('159','Test user №59','cryo.test@yandex.by','tester','user for test API Mailer',NULL,'user',1,1,2013-01-01),
 ('160','Test user №60','cryo.test@ya.ru','tester','user for test API Mailer',NULL,'user',1,1,2013-01-01),
 ('161','Test user №61','cryo.test@yandex.ru','tester','user for test API Mailer',NULL,'user',1,1,2013-01-01),
 ('162','Test user №62','cryo.test@yandex.com','tester','user for test API Mailer',NULL,'user',1,1,2013-01-01),
 ('163','Test user №63','cryo.test@yandex.ua','tester','user for test API Mailer',NULL,'user',1,1,2013-01-01),
 ('164','Test user №64','cryo.test@yandex.kz','tester','user for test API Mailer',NULL,'user',1,1,2013-01-01),
 ('165','Test user №65','cryo.test@yandex.by','tester','user for test API Mailer',NULL,'user',1,1,2013-01-01),
 ('166','Test user №66','cryo.test@ya.ru','tester','user for test API Mailer',NULL,'user',1,1,2013-01-01),
 ('167','Test user №67','cryo.test@yandex.ru','tester','user for test API Mailer',NULL,'user',1,1,2013-01-01),
 ('168','Test user №68','cryo.test@yandex.com','tester','user for test API Mailer',NULL,'user',1,1,2013-01-01),
 ('169','Test user №69','cryo.test@yandex.ua','tester','user for test API Mailer',NULL,'user',1,1,2013-01-01),
 ('170','Test user №70','cryo.test@yandex.kz','tester','user for test API Mailer',NULL,'user',1,1,2013-01-01),
 ('171','Test user №71','cryo.test@yandex.by','tester','user for test API Mailer',NULL,'user',1,1,2013-01-01),
 ('172','Test user №72','cryo.test@ya.ru','tester','user for test API Mailer',NULL,'user',1,1,2013-01-01),
 ('173','Test user №73','cryo.test@yandex.ru','tester','user for test API Mailer',NULL,'user',1,1,2013-01-01),
 ('174','Test user №74','cryo.test@yandex.com','tester','user for test API Mailer',NULL,'user',1,1,2013-01-01),
 ('175','Test user №75','cryo.test@yandex.ua','tester','user for test API Mailer',NULL,'user',1,1,2013-01-01),
 ('176','Test user №76','cryo.test@yandex.kz','tester','user for test API Mailer',NULL,'user',1,1,2013-01-01),
 ('177','Test user №77','cryo.test@yandex.by','tester','user for test API Mailer',NULL,'user',1,1,2013-01-01),
 ('178','Test user №78','cryo.test@ya.ru','tester','user for test API Mailer',NULL,'user',1,1,2013-01-01),
 ('179','Test user №79','cryo.test@yandex.ru','tester','user for test API Mailer',NULL,'user',1,1,2013-01-01),
 ('180','Test user №80','cryo.test@yandex.com','tester','user for test API Mailer',NULL,'user',1,1,2013-01-01),
 ('181','Test user №81','cryo.test@yandex.ua','tester','user for test API Mailer',NULL,'user',1,1,2013-01-01),
 ('182','Test user №82','cryo.test@yandex.kz','tester','user for test API Mailer',NULL,'user',1,1,2013-01-01),
 ('183','Test user №83','cryo.test@yandex.by','tester','user for test API Mailer',NULL,'user',1,1,2013-01-01),
 ('184','Test user №84','cryo.test@ya.ru','tester','user for test API Mailer',NULL,'user',1,1,2013-01-01),
 ('185','Test user №85','cryo.test@yandex.ru','tester','user for test API Mailer',NULL,'user',1,1,2013-01-01),
 ('186','Test user №86','cryo.test@yandex.com','tester','user for test API Mailer',NULL,'user',1,1,2013-01-01),
 ('187','Test user №87','cryo.test@yandex.ua','tester','user for test API Mailer',NULL,'user',1,1,2013-01-01),
 ('188','Test user №88','cryo.test@yandex.kz','tester','user for test API Mailer',NULL,'user',1,1,2013-01-01),
 ('189','Test user №89','cryo.test@yandex.by','tester','user for test API Mailer',NULL,'user',1,1,2013-01-01),
 ('190','Test user №90','cryo.test@ya.ru','tester','user for test API Mailer',NULL,'user',1,1,2013-01-01),
 ('191','Test user №91','cryo.test@yandex.ru','tester','user for test API Mailer',NULL,'user',1,1,2013-01-01),
 ('192','Test user №92','cryo.test@yandex.com','tester','user for test API Mailer',NULL,'user',1,1,2013-01-01),
 ('193','Test user №93','cryo.test@yandex.ua','tester','user for test API Mailer',NULL,'user',1,1,2013-01-01),
 ('194','Test user №94','cryo.test@yandex.kz','tester','user for test API Mailer',NULL,'user',1,1,2013-01-01),
 ('195','Test user №95','cryo.test@yandex.by','tester','user for test API Mailer',NULL,'user',1,1,2013-01-01),
 ('196','Test user №96','cryo.test@ya.ru','tester','user for test API Mailer',NULL,'user',1,1,2013-01-01),
 ('197','Test user №97','cryo.test@yandex.ru','tester','user for test API Mailer',NULL,'user',1,1,2013-01-01),
 ('198','Test user №98','cryo.test@yandex.com','tester','user for test API Mailer',NULL,'user',1,1,2013-01-01),
 ('199','Test user №99','cryo.test@yandex.ua','tester','user for test API Mailer',NULL,'user',1,1,2013-01-01),
 ('200','Test user №100','cryo.test@yandex.kz','tester','user for test API Mailer',NULL,'user',1,1,2013-01-01),
 ('201','Test user №101','cryo.test@yandex.by','tester','user for test API Mailer',NULL,'user',1,1,2013-01-01),
 ('202','Test user №102','cryo.test@ya.ru','tester','user for test API Mailer',NULL,'user',1,1,2013-01-01),
 ('203','Test user №103','cryo.test@yandex.ru','tester','user for test API Mailer',NULL,'user',1,1,2013-01-01),
 ('204','Test user №104','cryo.test@yandex.com','tester','user for test API Mailer',NULL,'user',1,1,2013-01-01),
 ('205','Test user №105','cryo.test@yandex.ua','tester','user for test API Mailer',NULL,'user',1,1,2013-01-01),
 ('206','Test user №106','cryo.test@yandex.kz','tester','user for test API Mailer',NULL,'user',1,1,2013-01-01),
 ('207','Test user №107','cryo.test@yandex.by','tester','user for test API Mailer',NULL,'user',1,1,2013-01-01),
 ('208','Test user №108','cryo.test@ya.ru','tester','user for test API Mailer',NULL,'user',1,1,2013-01-01),
 ('209','Test user №109','cryo.test@yandex.ru','tester','user for test API Mailer',NULL,'user',1,1,2013-01-01),
 ('210','Test user №110','cryo.test@yandex.com','tester','user for test API Mailer',NULL,'user',1,1,2013-01-01),
 ('211','Test user №111','cryo.test@yandex.ua','tester','user for test API Mailer',NULL,'user',1,1,2013-01-01),
 ('212','Test user №112','cryo.test@yandex.kz','tester','user for test API Mailer',NULL,'user',1,1,2013-01-01),
 ('213','Test user №113','cryo.test@yandex.by','tester','user for test API Mailer',NULL,'user',1,1,2013-01-01),
 ('214','Test user №114','cryo.test@ya.ru','tester','user for test API Mailer',NULL,'user',1,1,2013-01-01),
 ('215','Test user №115','cryo.test@yandex.ru','tester','user for test API Mailer',NULL,'user',1,1,2013-01-01),
 ('216','Test user №116','cryo.test@yandex.com','tester','user for test API Mailer',NULL,'user',1,1,2013-01-01),
 ('217','Test user №117','cryo.test@yandex.ua','tester','user for test API Mailer',NULL,'user',1,1,2013-01-01),
 ('218','Test user №118','cryo.test@yandex.kz','tester','user for test API Mailer',NULL,'user',1,1,2013-01-01),
 ('219','Test user №119','cryo.test@yandex.by','tester','user for test API Mailer',NULL,'user',1,1,2013-01-01),
 ('220','Test user №120','cryo.test@ya.ru','tester','user for test API Mailer',NULL,'user',1,1,2013-01-01),
 ('221','Test user №121','cryo.test@yandex.ru','tester','user for test API Mailer',NULL,'user',1,1,2013-01-01),
 ('222','Test user №122','cryo.test@yandex.com','tester','user for test API Mailer',NULL,'user',1,1,2013-01-01),
 ('223','Test user №123','cryo.test@yandex.ua','tester','user for test API Mailer',NULL,'user',1,1,2013-01-01),
 ('224','Test user №124','cryo.test@yandex.kz','tester','user for test API Mailer',NULL,'user',1,1,2013-01-01),
 ('225','Test user №125','cryo.test@yandex.by','tester','user for test API Mailer',NULL,'user',1,1,2013-01-01),
 ('226','Test user №126','cryo.test@ya.ru','tester','user for test API Mailer',NULL,'user',1,1,2013-01-01),
 ('227','Test user №127','cryo.test@yandex.ru','tester','user for test API Mailer',NULL,'user',1,1,2013-01-01),
 ('228','Test user №128','cryo.test@yandex.com','tester','user for test API Mailer',NULL,'user',1,1,2013-01-01),
 ('229','Test user №129','cryo.test@yandex.ua','tester','user for test API Mailer',NULL,'user',1,1,2013-01-01),
 ('230','Test user №130','cryo.test@yandex.kz','tester','user for test API Mailer',NULL,'user',1,1,2013-01-01),
 ('231','Test user №131','cryo.test@yandex.by','tester','user for test API Mailer',NULL,'user',1,1,2013-01-01),
 ('232','Test user №132','cryo.test@ya.ru','tester','user for test API Mailer',NULL,'user',1,1,2013-01-01),
 ('233','Test user №133','cryo.test@yandex.ru','tester','user for test API Mailer',NULL,'user',1,1,2013-01-01),
 ('234','Test user №134','cryo.test@yandex.com','tester','user for test API Mailer',NULL,'user',1,1,2013-01-01),
 ('235','Test user №135','cryo.test@yandex.ua','tester','user for test API Mailer',NULL,'user',1,1,2013-01-01),
 ('236','Test user №136','cryo.test@yandex.kz','tester','user for test API Mailer',NULL,'user',1,1,2013-01-01),
 ('237','Test user №137','cryo.test@yandex.by','tester','user for test API Mailer',NULL,'user',1,1,2013-01-01),
 ('238','Test user №138','cryo.test@ya.ru','tester','user for test API Mailer',NULL,'user',1,1,2013-01-01),
 ('239','Test user №139','cryo.test@yandex.ru','tester','user for test API Mailer',NULL,'user',1,1,2013-01-01),
 ('240','Test user №140','cryo.test@yandex.com','tester','user for test API Mailer',NULL,'user',1,1,2013-01-01),
 ('241','Test user №141','cryo.test@yandex.ua','tester','user for test API Mailer',NULL,'user',1,1,2013-01-01),
 ('242','Test user №142','cryo.test@yandex.kz','tester','user for test API Mailer',NULL,'user',1,1,2013-01-01),
 ('243','Test user №143','cryo.test@yandex.by','tester','user for test API Mailer',NULL,'user',1,1,2013-01-01),
 ('244','Test user №144','cryo.test@ya.ru','tester','user for test API Mailer',NULL,'user',1,1,2013-01-01),
 ('245','Test user №145','cryo.test@yandex.ru','tester','user for test API Mailer',NULL,'user',1,1,2013-01-01),
 ('246','Test user №146','cryo.test@yandex.com','tester','user for test API Mailer',NULL,'user',1,1,2013-01-01),
 ('247','Test user №147','cryo.test@yandex.ua','tester','user for test API Mailer',NULL,'user',1,1,2013-01-01),
 ('248','Test user №148','cryo.test@yandex.kz','tester','user for test API Mailer',NULL,'user',1,1,2013-01-01),
 ('249','Test user №149','cryo.test@yandex.by','tester','user for test API Mailer',NULL,'user',1,1,2013-01-01),
 ('250','Test user №150','cryo.test@ya.ru','tester','user for test API Mailer',NULL,'user',1,1,2013-01-01),
 ('251','Test user №151','cryo.test@yandex.ru','tester','user for test API Mailer',NULL,'user',1,1,2013-01-01),
 ('252','Test user №152','cryo.test@yandex.com','tester','user for test API Mailer',NULL,'user',1,1,2013-01-01),
 ('253','Test user №153','cryo.test@yandex.ua','tester','user for test API Mailer',NULL,'user',1,1,2013-01-01),
 ('254','Test user №154','cryo.test@yandex.kz','tester','user for test API Mailer',NULL,'user',1,1,2013-01-01),
 ('255','Test user №155','cryo.test@yandex.by','tester','user for test API Mailer',NULL,'user',1,1,2013-01-01),
 ('256','Test user №156','cryo.test@ya.ru','tester','user for test API Mailer',NULL,'user',1,1,2013-01-01),
 ('257','Test user №157','cryo.test@yandex.ru','tester','user for test API Mailer',NULL,'user',1,1,2013-01-01),
 ('258','Test user №158','cryo.test@yandex.com','tester','user for test API Mailer',NULL,'user',1,1,2013-01-01),
 ('259','Test user №159','cryo.test@yandex.ua','tester','user for test API Mailer',NULL,'user',1,1,2013-01-01),
 ('260','Test user №160','cryo.test@yandex.kz','tester','user for test API Mailer',NULL,'user',1,1,2013-01-01),
 ('261','Test user №161','cryo.test@yandex.by','tester','user for test API Mailer',NULL,'user',1,1,2013-01-01),
 ('262','Test user №162','cryo.test@ya.ru','tester','user for test API Mailer',NULL,'user',1,1,2013-01-01),
 ('263','Test user №163','cryo.test@yandex.ru','tester','user for test API Mailer',NULL,'user',1,1,2013-01-01),
 ('264','Test user №164','cryo.test@yandex.com','tester','user for test API Mailer',NULL,'user',1,1,2013-01-01),
 ('265','Test user №165','cryo.test@yandex.ua','tester','user for test API Mailer',NULL,'user',1,1,2013-01-01),
 ('266','Test user №166','cryo.test@yandex.kz','tester','user for test API Mailer',NULL,'user',1,1,2013-01-01),
 ('267','Test user №167','cryo.test@yandex.by','tester','user for test API Mailer',NULL,'user',1,1,2013-01-01),
 ('268','Test user №168','cryo.test@ya.ru','tester','user for test API Mailer',NULL,'user',1,1,2013-01-01),
 ('269','Test user №169','cryo.test@yandex.ru','tester','user for test API Mailer',NULL,'user',1,1,2013-01-01),
 ('270','Test user №170','cryo.test@yandex.com','tester','user for test API Mailer',NULL,'user',1,1,2013-01-01),
 ('271','Test user №171','cryo.test@yandex.ua','tester','user for test API Mailer',NULL,'user',1,1,2013-01-01),
 ('272','Test user №172','cryo.test@yandex.kz','tester','user for test API Mailer',NULL,'user',1,1,2013-01-01),
 ('273','Test user №173','cryo.test@yandex.by','tester','user for test API Mailer',NULL,'user',1,1,2013-01-01),
 ('274','Test user №174','cryo.test@ya.ru','tester','user for test API Mailer',NULL,'user',1,1,2013-01-01),
 ('275','Test user №175','cryo.test@yandex.ru','tester','user for test API Mailer',NULL,'user',1,1,2013-01-01),
 ('276','Test user №176','cryo.test@yandex.com','tester','user for test API Mailer',NULL,'user',1,1,2013-01-01),
 ('277','Test user №177','cryo.test@yandex.ua','tester','user for test API Mailer',NULL,'user',1,1,2013-01-01),
 ('278','Test user №178','cryo.test@yandex.kz','tester','user for test API Mailer',NULL,'user',1,1,2013-01-01),
 ('279','Test user №179','cryo.test@yandex.by','tester','user for test API Mailer',NULL,'user',1,1,2013-01-01),
 ('280','Test user №180','cryo.test@ya.ru','tester','user for test API Mailer',NULL,'user',1,1,2013-01-01),
 ('281','Test user №181','cryo.test@yandex.ru','tester','user for test API Mailer',NULL,'user',1,1,2013-01-01),
 ('282','Test user №182','cryo.test@yandex.com','tester','user for test API Mailer',NULL,'user',1,1,2013-01-01),
 ('283','Test user №183','cryo.test@yandex.ua','tester','user for test API Mailer',NULL,'user',1,1,2013-01-01),
 ('284','Test user №184','cryo.test@yandex.kz','tester','user for test API Mailer',NULL,'user',1,1,2013-01-01),
 ('285','Test user №185','cryo.test@yandex.by','tester','user for test API Mailer',NULL,'user',1,1,2013-01-01),
 ('286','Test user №186','cryo.test@ya.ru','tester','user for test API Mailer',NULL,'user',1,1,2013-01-01),
 ('287','Test user №187','cryo.test@yandex.ru','tester','user for test API Mailer',NULL,'user',1,1,2013-01-01),
 ('288','Test user №188','cryo.test@yandex.com','tester','user for test API Mailer',NULL,'user',1,1,2013-01-01),
 ('289','Test user №189','cryo.test@yandex.ua','tester','user for test API Mailer',NULL,'user',1,1,2013-01-01),
 ('290','Test user №190','cryo.test@yandex.kz','tester','user for test API Mailer',NULL,'user',1,1,2013-01-01),
 ('291','Test user №191','cryo.test@yandex.by','tester','user for test API Mailer',NULL,'user',1,1,2013-01-01),
 ('292','Test user №192','cryo.test@ya.ru','tester','user for test API Mailer',NULL,'user',1,1,2013-01-01),
 ('293','Test user №193','cryo.test@yandex.ru','tester','user for test API Mailer',NULL,'user',1,1,2013-01-01),
 ('294','Test user №194','cryo.test@yandex.com','tester','user for test API Mailer',NULL,'user',1,1,2013-01-01),
 ('295','Test user №195','cryo.test@yandex.ua','tester','user for test API Mailer',NULL,'user',1,1,2013-01-01),
 ('296','Test user №196','cryo.test@yandex.kz','tester','user for test API Mailer',NULL,'user',1,1,2013-01-01),
 ('297','Test user №197','cryo.test@yandex.by','tester','user for test API Mailer',NULL,'user',1,1,2013-01-01),
 ('298','Test user №198','cryo.test@ya.ru','tester','user for test API Mailer',NULL,'user',1,1,2013-01-01),
 ('299','Test user №199','cryo.test@yandex.ru','tester','user for test API Mailer',NULL,'user',1,1,2013-01-01),
 ('300','Test user №200','cryo.test@yandex.com','tester','user for test API Mailer',NULL,'user',1,1,2013-01-01),
 ('301','Test user №201','cryo.test@yandex.ua','tester','user for test API Mailer',NULL,'user',1,1,2013-01-01),
 ('302','Test user №202','cryo.test@yandex.kz','tester','user for test API Mailer',NULL,'user',1,1,2013-01-01),
 ('303','Test user №203','cryo.test@yandex.by','tester','user for test API Mailer',NULL,'user',1,1,2013-01-01),
 ('304','Test user №204','cryo.test@ya.ru','tester','user for test API Mailer',NULL,'user',1,1,2013-01-01),
 ('305','Test user №205','cryo.test@yandex.ru','tester','user for test API Mailer',NULL,'user',1,1,2013-01-01),
 ('306','Test user №206','cryo.test@yandex.com','tester','user for test API Mailer',NULL,'user',1,1,2013-01-01),
 ('307','Test user №207','cryo.test@yandex.ua','tester','user for test API Mailer',NULL,'user',1,1,2013-01-01),
 ('308','Test user №208','cryo.test@yandex.kz','tester','user for test API Mailer',NULL,'user',1,1,2013-01-01),
 ('309','Test user №209','cryo.test@yandex.by','tester','user for test API Mailer',NULL,'user',1,1,2013-01-01),
 ('310','Test user №210','cryo.test@ya.ru','tester','user for test API Mailer',NULL,'user',1,1,2013-01-01),
 ('311','Test user №211','cryo.test@yandex.ru','tester','user for test API Mailer',NULL,'user',1,1,2013-01-01),
 ('312','Test user №212','cryo.test@yandex.com','tester','user for test API Mailer',NULL,'user',1,1,2013-01-01),
 ('313','Test user №213','cryo.test@yandex.ua','tester','user for test API Mailer',NULL,'user',1,1,2013-01-01),
 ('314','Test user №214','cryo.test@yandex.kz','tester','user for test API Mailer',NULL,'user',1,1,2013-01-01),
 ('315','Test user №215','cryo.test@yandex.by','tester','user for test API Mailer',NULL,'user',1,1,2013-01-01),
 ('316','Test user №216','cryo.test@ya.ru','tester','user for test API Mailer',NULL,'user',1,1,2013-01-01),
 ('317','Test user №217','cryo.test@yandex.ru','tester','user for test API Mailer',NULL,'user',1,1,2013-01-01),
 ('318','Test user №218','cryo.test@yandex.com','tester','user for test API Mailer',NULL,'user',1,1,2013-01-01),
 ('319','Test user №219','cryo.test@yandex.ua','tester','user for test API Mailer',NULL,'user',1,1,2013-01-01),
 ('320','Test user №220','cryo.test@yandex.kz','tester','user for test API Mailer',NULL,'user',1,1,2013-01-01),
 ('321','Test user №221','cryo.test@yandex.by','tester','user for test API Mailer',NULL,'user',1,1,2013-01-01),
 ('322','Test user №222','cryo.test@ya.ru','tester','user for test API Mailer',NULL,'user',1,1,2013-01-01),
 ('323','Test user №223','cryo.test@yandex.ru','tester','user for test API Mailer',NULL,'user',1,1,2013-01-01),
 ('324','Test user №224','cryo.test@yandex.com','tester','user for test API Mailer',NULL,'user',1,1,2013-01-01),
 ('325','Test user №225','cryo.test@yandex.ua','tester','user for test API Mailer',NULL,'user',1,1,2013-01-01),
 ('326','Test user №226','cryo.test@yandex.kz','tester','user for test API Mailer',NULL,'user',1,1,2013-01-01),
 ('327','Test user №227','cryo.test@yandex.by','tester','user for test API Mailer',NULL,'user',1,1,2013-01-01),
 ('328','Test user №228','cryo.test@ya.ru','tester','user for test API Mailer',NULL,'user',1,1,2013-01-01),
 ('329','Test user №229','cryo.test@yandex.ru','tester','user for test API Mailer',NULL,'user',1,1,2013-01-01),
 ('330','Test user №230','cryo.test@yandex.com','tester','user for test API Mailer',NULL,'user',1,1,2013-01-01),
 ('331','Test user №231','cryo.test@yandex.ua','tester','user for test API Mailer',NULL,'user',1,1,2013-01-01),
 ('332','Test user №232','cryo.test@yandex.kz','tester','user for test API Mailer',NULL,'user',1,1,2013-01-01),
 ('333','Test user №233','cryo.test@yandex.by','tester','user for test API Mailer',NULL,'user',1,1,2013-01-01),
 ('334','Test user №234','cryo.test@ya.ru','tester','user for test API Mailer',NULL,'user',1,1,2013-01-01),
 ('335','Test user №235','cryo.test@yandex.ru','tester','user for test API Mailer',NULL,'user',1,1,2013-01-01),
 ('336','Test user №236','cryo.test@yandex.com','tester','user for test API Mailer',NULL,'user',1,1,2013-01-01),
 ('337','Test user №237','cryo.test@yandex.ua','tester','user for test API Mailer',NULL,'user',1,1,2013-01-01),
 ('338','Test user №238','cryo.test@yandex.kz','tester','user for test API Mailer',NULL,'user',1,1,2013-01-01),
 ('339','Test user №239','cryo.test@yandex.by','tester','user for test API Mailer',NULL,'user',1,1,2013-01-01),
 ('340','Test user №240','cryo.test@ya.ru','tester','user for test API Mailer',NULL,'user',1,1,2013-01-01),
 ('341','Test user №241','cryo.test@yandex.ru','tester','user for test API Mailer',NULL,'user',1,1,2013-01-01),
 ('342','Test user №242','cryo.test@yandex.com','tester','user for test API Mailer',NULL,'user',1,1,2013-01-01),
 ('343','Test user №243','cryo.test@yandex.ua','tester','user for test API Mailer',NULL,'user',1,1,2013-01-01),
 ('344','Test user №244','cryo.test@yandex.kz','tester','user for test API Mailer',NULL,'user',1,1,2013-01-01),
 ('345','Test user №245','cryo.test@yandex.by','tester','user for test API Mailer',NULL,'user',1,1,2013-01-01),
 ('346','Test user №246','cryo.test@ya.ru','tester','user for test API Mailer',NULL,'user',1,1,2013-01-01),
 ('347','Test user №247','cryo.test@yandex.ru','tester','user for test API Mailer',NULL,'user',1,1,2013-01-01),
 ('348','Test user №248','cryo.test@yandex.com','tester','user for test API Mailer',NULL,'user',1,1,2013-01-01),
 ('349','Test user №249','cryo.test@yandex.ua','tester','user for test API Mailer',NULL,'user',1,1,2013-01-01),
 ('350','Test user №250','cryo.test@yandex.kz','tester','user for test API Mailer',NULL,'user',1,1,2013-01-01),
 ('351','Test user №251','cryo.test@yandex.by','tester','user for test API Mailer',NULL,'user',1,1,2013-01-01),
 ('352','Test user №252','cryo.test@ya.ru','tester','user for test API Mailer',NULL,'user',1,1,2013-01-01),
 ('353','Test user №253','cryo.test@yandex.ru','tester','user for test API Mailer',NULL,'user',1,1,2013-01-01),
 ('354','Test user №254','cryo.test@yandex.com','tester','user for test API Mailer',NULL,'user',1,1,2013-01-01),
 ('355','Test user №255','cryo.test@yandex.ua','tester','user for test API Mailer',NULL,'user',1,1,2013-01-01),
 ('356','Test user №256','cryo.test@yandex.kz','tester','user for test API Mailer',NULL,'user',1,1,2013-01-01),
 ('357','Test user №257','cryo.test@yandex.by','tester','user for test API Mailer',NULL,'user',1,1,2013-01-01),
 ('358','Test user №258','cryo.test@ya.ru','tester','user for test API Mailer',NULL,'user',1,1,2013-01-01),
 ('359','Test user №259','cryo.test@yandex.ru','tester','user for test API Mailer',NULL,'user',1,1,2013-01-01),
 ('360','Test user №260','cryo.test@yandex.com','tester','user for test API Mailer',NULL,'user',1,1,2013-01-01),
 ('361','Test user №261','cryo.test@yandex.ua','tester','user for test API Mailer',NULL,'user',1,1,2013-01-01),
 ('362','Test user №262','cryo.test@yandex.kz','tester','user for test API Mailer',NULL,'user',1,1,2013-01-01),
 ('363','Test user №263','cryo.test@yandex.by','tester','user for test API Mailer',NULL,'user',1,1,2013-01-01),
 ('364','Test user №264','cryo.test@ya.ru','tester','user for test API Mailer',NULL,'user',1,1,2013-01-01),
 ('365','Test user №265','cryo.test@yandex.ru','tester','user for test API Mailer',NULL,'user',1,1,2013-01-01),
 ('366','Test user №266','cryo.test@yandex.com','tester','user for test API Mailer',NULL,'user',1,1,2013-01-01),
 ('367','Test user №267','cryo.test@yandex.ua','tester','user for test API Mailer',NULL,'user',1,1,2013-01-01),
 ('368','Test user №268','cryo.test@yandex.kz','tester','user for test API Mailer',NULL,'user',1,1,2013-01-01),
 ('369','Test user №269','cryo.test@yandex.by','tester','user for test API Mailer',NULL,'user',1,1,2013-01-01),
 ('370','Test user №270','cryo.test@ya.ru','tester','user for test API Mailer',NULL,'user',1,1,2013-01-01),
 ('371','Test user №271','cryo.test@yandex.ru','tester','user for test API Mailer',NULL,'user',1,1,2013-01-01),
 ('372','Test user №272','cryo.test@yandex.com','tester','user for test API Mailer',NULL,'user',1,1,2013-01-01),
 ('373','Test user №273','cryo.test@yandex.ua','tester','user for test API Mailer',NULL,'user',1,1,2013-01-01),
 ('374','Test user №274','cryo.test@yandex.kz','tester','user for test API Mailer',NULL,'user',1,1,2013-01-01),
 ('375','Test user №275','cryo.test@yandex.by','tester','user for test API Mailer',NULL,'user',1,1,2013-01-01),
 ('376','Test user №276','cryo.test@ya.ru','tester','user for test API Mailer',NULL,'user',1,1,2013-01-01),
 ('377','Test user №277','cryo.test@yandex.ru','tester','user for test API Mailer',NULL,'user',1,1,2013-01-01),
 ('378','Test user №278','cryo.test@yandex.com','tester','user for test API Mailer',NULL,'user',1,1,2013-01-01),
 ('379','Test user №279','cryo.test@yandex.ua','tester','user for test API Mailer',NULL,'user',1,1,2013-01-01),
 ('380','Test user №280','cryo.test@yandex.kz','tester','user for test API Mailer',NULL,'user',1,1,2013-01-01),
 ('381','Test user №281','cryo.test@yandex.by','tester','user for test API Mailer',NULL,'user',1,1,2013-01-01),
 ('382','Test user №282','cryo.test@ya.ru','tester','user for test API Mailer',NULL,'user',1,1,2013-01-01),
 ('383','Test user №283','cryo.test@yandex.ru','tester','user for test API Mailer',NULL,'user',1,1,2013-01-01),
 ('384','Test user №284','cryo.test@yandex.com','tester','user for test API Mailer',NULL,'user',1,1,2013-01-01),
 ('385','Test user №285','cryo.test@yandex.ua','tester','user for test API Mailer',NULL,'user',1,1,2013-01-01),
 ('386','Test user №286','cryo.test@yandex.kz','tester','user for test API Mailer',NULL,'user',1,1,2013-01-01),
 ('387','Test user №287','cryo.test@yandex.by','tester','user for test API Mailer',NULL,'user',1,1,2013-01-01),
 ('388','Test user №288','cryo.test@ya.ru','tester','user for test API Mailer',NULL,'user',1,1,2013-01-01),
 ('389','Test user №289','cryo.test@yandex.ru','tester','user for test API Mailer',NULL,'user',1,1,2013-01-01),
 ('390','Test user №290','cryo.test@yandex.com','tester','user for test API Mailer',NULL,'user',1,1,2013-01-01),
 ('391','Test user №291','cryo.test@yandex.ua','tester','user for test API Mailer',NULL,'user',1,1,2013-01-01),
 ('392','Test user №292','cryo.test@yandex.kz','tester','user for test API Mailer',NULL,'user',1,1,2013-01-01),
 ('393','Test user №293','cryo.test@yandex.by','tester','user for test API Mailer',NULL,'user',1,1,2013-01-01),
 ('394','Test user №294','cryo.test@ya.ru','tester','user for test API Mailer',NULL,'user',1,1,2013-01-01),
 ('395','Test user №295','cryo.test@yandex.ru','tester','user for test API Mailer',NULL,'user',1,1,2013-01-01),
 ('396','Test user №296','cryo.test@yandex.com','tester','user for test API Mailer',NULL,'user',1,1,2013-01-01),
 ('397','Test user №297','cryo.test@yandex.ua','tester','user for test API Mailer',NULL,'user',1,1,2013-01-01),
 ('398','Test user №298','cryo.test@yandex.kz','tester','user for test API Mailer',NULL,'user',1,1,2013-01-01),
 ('399','Test user №299','cryo.test@yandex.by','tester','user for test API Mailer',NULL,'user',1,1,2013-01-01),
 ('400','Test user №300','cryo.test@ya.ru','tester','user for test API Mailer',NULL,'user',1,1,2013-01-01),
 ('401','Test user №301','cryo.test@yandex.ru','tester','user for test API Mailer',NULL,'user',1,1,2013-01-01),
 ('402','Test user №302','cryo.test@yandex.com','tester','user for test API Mailer',NULL,'user',1,1,2013-01-01),
 ('403','Test user №303','cryo.test@yandex.ua','tester','user for test API Mailer',NULL,'user',1,1,2013-01-01),
 ('404','Test user №304','cryo.test@yandex.kz','tester','user for test API Mailer',NULL,'user',1,1,2013-01-01),
 ('405','Test user №305','cryo.test@yandex.by','tester','user for test API Mailer',NULL,'user',1,1,2013-01-01),
 ('406','Test user №306','cryo.test@ya.ru','tester','user for test API Mailer',NULL,'user',1,1,2013-01-01),
 ('407','Test user №307','cryo.test@yandex.ru','tester','user for test API Mailer',NULL,'user',1,1,2013-01-01),
 ('408','Test user №308','cryo.test@yandex.com','tester','user for test API Mailer',NULL,'user',1,1,2013-01-01),
 ('409','Test user №309','cryo.test@yandex.ua','tester','user for test API Mailer',NULL,'user',1,1,2013-01-01),
 ('410','Test user №310','cryo.test@yandex.kz','tester','user for test API Mailer',NULL,'user',1,1,2013-01-01),
 ('411','Test user №311','cryo.test@yandex.by','tester','user for test API Mailer',NULL,'user',1,1,2013-01-01),
 ('412','Test user №312','cryo.test@ya.ru','tester','user for test API Mailer',NULL,'user',1,1,2013-01-01),
 ('413','Test user №313','cryo.test@yandex.ru','tester','user for test API Mailer',NULL,'user',1,1,2013-01-01),
 ('414','Test user №314','cryo.test@yandex.com','tester','user for test API Mailer',NULL,'user',1,1,2013-01-01),
 ('415','Test user №315','cryo.test@yandex.ua','tester','user for test API Mailer',NULL,'user',1,1,2013-01-01),
 ('416','Test user №316','cryo.test@yandex.kz','tester','user for test API Mailer',NULL,'user',1,1,2013-01-01),
 ('417','Test user №317','cryo.test@yandex.by','tester','user for test API Mailer',NULL,'user',1,1,2013-01-01),
 ('418','Test user №318','cryo.test@ya.ru','tester','user for test API Mailer',NULL,'user',1,1,2013-01-01),
 ('419','Test user №319','cryo.test@yandex.ru','tester','user for test API Mailer',NULL,'user',1,1,2013-01-01),
 ('420','Test user №320','cryo.test@yandex.com','tester','user for test API Mailer',NULL,'user',1,1,2013-01-01),
 ('421','Test user №321','cryo.test@yandex.ua','tester','user for test API Mailer',NULL,'user',1,1,2013-01-01),
 ('422','Test user №322','cryo.test@yandex.kz','tester','user for test API Mailer',NULL,'user',1,1,2013-01-01),
 ('423','Test user №323','cryo.test@yandex.by','tester','user for test API Mailer',NULL,'user',1,1,2013-01-01),
 ('424','Test user №324','cryo.test@ya.ru','tester','user for test API Mailer',NULL,'user',1,1,2013-01-01),
 ('425','Test user №325','cryo.test@yandex.ru','tester','user for test API Mailer',NULL,'user',1,1,2013-01-01),
 ('426','Test user №326','cryo.test@yandex.com','tester','user for test API Mailer',NULL,'user',1,1,2013-01-01),
 ('427','Test user №327','cryo.test@yandex.ua','tester','user for test API Mailer',NULL,'user',1,1,2013-01-01),
 ('428','Test user №328','cryo.test@yandex.kz','tester','user for test API Mailer',NULL,'user',1,1,2013-01-01),
 ('429','Test user №329','cryo.test@yandex.by','tester','user for test API Mailer',NULL,'user',1,1,2013-01-01),
 ('430','Test user №330','cryo.test@ya.ru','tester','user for test API Mailer',NULL,'user',1,1,2013-01-01),
 ('431','Test user №331','cryo.test@yandex.ru','tester','user for test API Mailer',NULL,'user',1,1,2013-01-01),
 ('432','Test user №332','cryo.test@yandex.com','tester','user for test API Mailer',NULL,'user',1,1,2013-01-01),
 ('433','Test user №333','cryo.test@yandex.ua','tester','user for test API Mailer',NULL,'user',1,1,2013-01-01),
 ('434','Test user №334','cryo.test@yandex.kz','tester','user for test API Mailer',NULL,'user',1,1,2013-01-01),
 ('435','Test user №335','cryo.test@yandex.by','tester','user for test API Mailer',NULL,'user',1,1,2013-01-01),
 ('436','Test user №336','cryo.test@ya.ru','tester','user for test API Mailer',NULL,'user',1,1,2013-01-01),
 ('437','Test user №337','cryo.test@yandex.ru','tester','user for test API Mailer',NULL,'user',1,1,2013-01-01),
 ('438','Test user №338','cryo.test@yandex.com','tester','user for test API Mailer',NULL,'user',1,1,2013-01-01),
 ('439','Test user №339','cryo.test@yandex.ua','tester','user for test API Mailer',NULL,'user',1,1,2013-01-01),
 ('440','Test user №340','cryo.test@yandex.kz','tester','user for test API Mailer',NULL,'user',1,1,2013-01-01),
 ('441','Test user №341','cryo.test@yandex.by','tester','user for test API Mailer',NULL,'user',1,1,2013-01-01),
 ('442','Test user №342','cryo.test@ya.ru','tester','user for test API Mailer',NULL,'user',1,1,2013-01-01),
 ('443','Test user №343','cryo.test@yandex.ru','tester','user for test API Mailer',NULL,'user',1,1,2013-01-01),
 ('444','Test user №344','cryo.test@yandex.com','tester','user for test API Mailer',NULL,'user',1,1,2013-01-01),
 ('445','Test user №345','cryo.test@yandex.ua','tester','user for test API Mailer',NULL,'user',1,1,2013-01-01),
 ('446','Test user №346','cryo.test@yandex.kz','tester','user for test API Mailer',NULL,'user',1,1,2013-01-01),
 ('447','Test user №347','cryo.test@yandex.by','tester','user for test API Mailer',NULL,'user',1,1,2013-01-01),
 ('448','Test user №348','cryo.test@ya.ru','tester','user for test API Mailer',NULL,'user',1,1,2013-01-01),
 ('449','Test user №349','cryo.test@yandex.ru','tester','user for test API Mailer',NULL,'user',1,1,2013-01-01),
 ('450','Test user №350','cryo.test@yandex.com','tester','user for test API Mailer',NULL,'user',1,1,2013-01-01),
 ('451','Test user №351','cryo.test@yandex.ua','tester','user for test API Mailer',NULL,'user',1,1,2013-01-01),
 ('452','Test user №352','cryo.test@yandex.kz','tester','user for test API Mailer',NULL,'user',1,1,2013-01-01),
 ('453','Test user №353','cryo.test@yandex.by','tester','user for test API Mailer',NULL,'user',1,1,2013-01-01),
 ('454','Test user №354','cryo.test@ya.ru','tester','user for test API Mailer',NULL,'user',1,1,2013-01-01),
 ('455','Test user №355','cryo.test@yandex.ru','tester','user for test API Mailer',NULL,'user',1,1,2013-01-01),
 ('456','Test user №356','cryo.test@yandex.com','tester','user for test API Mailer',NULL,'user',1,1,2013-01-01),
 ('457','Test user №357','cryo.test@yandex.ua','tester','user for test API Mailer',NULL,'user',1,1,2013-01-01),
 ('458','Test user №358','cryo.test@yandex.kz','tester','user for test API Mailer',NULL,'user',1,1,2013-01-01),
 ('459','Test user №359','cryo.test@yandex.by','tester','user for test API Mailer',NULL,'user',1,1,2013-01-01),
 ('460','Test user №360','cryo.test@ya.ru','tester','user for test API Mailer',NULL,'user',1,1,2013-01-01),
 ('461','Test user №361','cryo.test@yandex.ru','tester','user for test API Mailer',NULL,'user',1,1,2013-01-01),
 ('462','Test user №362','cryo.test@yandex.com','tester','user for test API Mailer',NULL,'user',1,1,2013-01-01),
 ('463','Test user №363','cryo.test@yandex.ua','tester','user for test API Mailer',NULL,'user',1,1,2013-01-01),
 ('464','Test user №364','cryo.test@yandex.kz','tester','user for test API Mailer',NULL,'user',1,1,2013-01-01),
 ('465','Test user №365','cryo.test@yandex.by','tester','user for test API Mailer',NULL,'user',1,1,2013-01-01),
 ('466','Test user №366','cryo.test@ya.ru','tester','user for test API Mailer',NULL,'user',1,1,2013-01-01),
 ('467','Test user №367','cryo.test@yandex.ru','tester','user for test API Mailer',NULL,'user',1,1,2013-01-01),
 ('468','Test user №368','cryo.test@yandex.com','tester','user for test API Mailer',NULL,'user',1,1,2013-01-01),
 ('469','Test user №369','cryo.test@yandex.ua','tester','user for test API Mailer',NULL,'user',1,1,2013-01-01),
 ('470','Test user №370','cryo.test@yandex.kz','tester','user for test API Mailer',NULL,'user',1,1,2013-01-01),
 ('471','Test user №371','cryo.test@yandex.by','tester','user for test API Mailer',NULL,'user',1,1,2013-01-01),
 ('472','Test user №372','cryo.test@ya.ru','tester','user for test API Mailer',NULL,'user',1,1,2013-01-01),
 ('473','Test user №373','cryo.test@yandex.ru','tester','user for test API Mailer',NULL,'user',1,1,2013-01-01),
 ('474','Test user №374','cryo.test@yandex.com','tester','user for test API Mailer',NULL,'user',1,1,2013-01-01),
 ('475','Test user №375','cryo.test@yandex.ua','tester','user for test API Mailer',NULL,'user',1,1,2013-01-01),
 ('476','Test user №376','cryo.test@yandex.kz','tester','user for test API Mailer',NULL,'user',1,1,2013-01-01),
 ('477','Test user №377','cryo.test@yandex.by','tester','user for test API Mailer',NULL,'user',1,1,2013-01-01),
 ('478','Test user №378','cryo.test@ya.ru','tester','user for test API Mailer',NULL,'user',1,1,2013-01-01),
 ('479','Test user №379','cryo.test@yandex.ru','tester','user for test API Mailer',NULL,'user',1,1,2013-01-01),
 ('480','Test user №380','cryo.test@yandex.com','tester','user for test API Mailer',NULL,'user',1,1,2013-01-01),
 ('481','Test user №381','cryo.test@yandex.ua','tester','user for test API Mailer',NULL,'user',1,1,2013-01-01),
 ('482','Test user №382','cryo.test@yandex.kz','tester','user for test API Mailer',NULL,'user',1,1,2013-01-01),
 ('483','Test user №383','cryo.test@yandex.by','tester','user for test API Mailer',NULL,'user',1,1,2013-01-01),
 ('484','Test user №384','cryo.test@ya.ru','tester','user for test API Mailer',NULL,'user',1,1,2013-01-01),
 ('485','Test user №385','cryo.test@yandex.ru','tester','user for test API Mailer',NULL,'user',1,1,2013-01-01),
 ('486','Test user №386','cryo.test@yandex.com','tester','user for test API Mailer',NULL,'user',1,1,2013-01-01),
 ('487','Test user №387','cryo.test@yandex.ua','tester','user for test API Mailer',NULL,'user',1,1,2013-01-01),
 ('488','Test user №388','cryo.test@yandex.kz','tester','user for test API Mailer',NULL,'user',1,1,2013-01-01),
 ('489','Test user №389','cryo.test@yandex.by','tester','user for test API Mailer',NULL,'user',1,1,2013-01-01),
 ('490','Test user №390','cryo.test@ya.ru','tester','user for test API Mailer',NULL,'user',1,1,2013-01-01),
 ('491','Test user №391','cryo.test@yandex.ru','tester','user for test API Mailer',NULL,'user',1,1,2013-01-01),
 ('492','Test user №392','cryo.test@yandex.com','tester','user for test API Mailer',NULL,'user',1,1,2013-01-01),
 ('493','Test user №393','cryo.test@yandex.ua','tester','user for test API Mailer',NULL,'user',1,1,2013-01-01),
 ('494','Test user №394','cryo.test@yandex.kz','tester','user for test API Mailer',NULL,'user',1,1,2013-01-01),
 ('495','Test user №395','cryo.test@yandex.by','tester','user for test API Mailer',NULL,'user',1,1,2013-01-01),
 ('496','Test user №396','cryo.test@ya.ru','tester','user for test API Mailer',NULL,'user',1,1,2013-01-01),
 ('497','Test user №397','cryo.test@yandex.ru','tester','user for test API Mailer',NULL,'user',1,1,2013-01-01),
 ('498','Test user №398','cryo.test@yandex.com','tester','user for test API Mailer',NULL,'user',1,1,2013-01-01),
 ('499','Test user №399','cryo.test@yandex.ua','tester','user for test API Mailer',NULL,'user',1,1,2013-01-01),
 ('500','Test user №400','cryo.test@yandex.kz','tester','user for test API Mailer',NULL,'user',1,1,2013-01-01),
 ('501','Test user №401','cryo.test@yandex.by','tester','user for test API Mailer',NULL,'user',1,1,2013-01-01),
 ('502','Test user №402','cryo.test@ya.ru','tester','user for test API Mailer',NULL,'user',1,1,2013-01-01),
 ('503','Test user №403','cryo.test@yandex.ru','tester','user for test API Mailer',NULL,'user',1,1,2013-01-01),
 ('504','Test user №404','cryo.test@yandex.com','tester','user for test API Mailer',NULL,'user',1,1,2013-01-01),
 ('505','Test user №405','cryo.test@yandex.ua','tester','user for test API Mailer',NULL,'user',1,1,2013-01-01),
 ('506','Test user №406','cryo.test@yandex.kz','tester','user for test API Mailer',NULL,'user',1,1,2013-01-01),
 ('507','Test user №407','cryo.test@yandex.by','tester','user for test API Mailer',NULL,'user',1,1,2013-01-01),
 ('508','Test user №408','cryo.test@ya.ru','tester','user for test API Mailer',NULL,'user',1,1,2013-01-01),
 ('509','Test user №409','cryo.test@yandex.ru','tester','user for test API Mailer',NULL,'user',1,1,2013-01-01),
 ('510','Test user №410','cryo.test@yandex.com','tester','user for test API Mailer',NULL,'user',1,1,2013-01-01),
 ('511','Test user №411','cryo.test@yandex.ua','tester','user for test API Mailer',NULL,'user',1,1,2013-01-01),
 ('512','Test user №412','cryo.test@yandex.kz','tester','user for test API Mailer',NULL,'user',1,1,2013-01-01),
 ('513','Test user №413','cryo.test@yandex.by','tester','user for test API Mailer',NULL,'user',1,1,2013-01-01),
 ('514','Test user №414','cryo.test@ya.ru','tester','user for test API Mailer',NULL,'user',1,1,2013-01-01),
 ('515','Test user №415','cryo.test@yandex.ru','tester','user for test API Mailer',NULL,'user',1,1,2013-01-01),
 ('516','Test user №416','cryo.test@yandex.com','tester','user for test API Mailer',NULL,'user',1,1,2013-01-01),
 ('517','Test user №417','cryo.test@yandex.ua','tester','user for test API Mailer',NULL,'user',1,1,2013-01-01),
 ('518','Test user №418','cryo.test@yandex.kz','tester','user for test API Mailer',NULL,'user',1,1,2013-01-01),
 ('519','Test user №419','cryo.test@yandex.by','tester','user for test API Mailer',NULL,'user',1,1,2013-01-01),
 ('520','Test user №420','cryo.test@ya.ru','tester','user for test API Mailer',NULL,'user',1,1,2013-01-01),
 ('521','Test user №421','cryo.test@yandex.ru','tester','user for test API Mailer',NULL,'user',1,1,2013-01-01),
 ('522','Test user №422','cryo.test@yandex.com','tester','user for test API Mailer',NULL,'user',1,1,2013-01-01),
 ('523','Test user №423','cryo.test@yandex.ua','tester','user for test API Mailer',NULL,'user',1,1,2013-01-01),
 ('524','Test user №424','cryo.test@yandex.kz','tester','user for test API Mailer',NULL,'user',1,1,2013-01-01),
 ('525','Test user №425','cryo.test@yandex.by','tester','user for test API Mailer',NULL,'user',1,1,2013-01-01),
 ('526','Test user №426','cryo.test@ya.ru','tester','user for test API Mailer',NULL,'user',1,1,2013-01-01),
 ('527','Test user №427','cryo.test@yandex.ru','tester','user for test API Mailer',NULL,'user',1,1,2013-01-01),
 ('528','Test user №428','cryo.test@yandex.com','tester','user for test API Mailer',NULL,'user',1,1,2013-01-01),
 ('529','Test user №429','cryo.test@yandex.ua','tester','user for test API Mailer',NULL,'user',1,1,2013-01-01),
 ('530','Test user №430','cryo.test@yandex.kz','tester','user for test API Mailer',NULL,'user',1,1,2013-01-01),
 ('531','Test user №431','cryo.test@yandex.by','tester','user for test API Mailer',NULL,'user',1,1,2013-01-01),
 ('532','Test user №432','cryo.test@ya.ru','tester','user for test API Mailer',NULL,'user',1,1,2013-01-01),
 ('533','Test user №433','cryo.test@yandex.ru','tester','user for test API Mailer',NULL,'user',1,1,2013-01-01),
 ('534','Test user №434','cryo.test@yandex.com','tester','user for test API Mailer',NULL,'user',1,1,2013-01-01),
 ('535','Test user №435','cryo.test@yandex.ua','tester','user for test API Mailer',NULL,'user',1,1,2013-01-01),
 ('536','Test user №436','cryo.test@yandex.kz','tester','user for test API Mailer',NULL,'user',1,1,2013-01-01),
 ('537','Test user №437','cryo.test@yandex.by','tester','user for test API Mailer',NULL,'user',1,1,2013-01-01),
 ('538','Test user №438','cryo.test@ya.ru','tester','user for test API Mailer',NULL,'user',1,1,2013-01-01),
 ('539','Test user №439','cryo.test@yandex.ru','tester','user for test API Mailer',NULL,'user',1,1,2013-01-01),
 ('540','Test user №440','cryo.test@yandex.com','tester','user for test API Mailer',NULL,'user',1,1,2013-01-01),
 ('541','Test user №441','cryo.test@yandex.ua','tester','user for test API Mailer',NULL,'user',1,1,2013-01-01),
 ('542','Test user №442','cryo.test@yandex.kz','tester','user for test API Mailer',NULL,'user',1,1,2013-01-01),
 ('543','Test user №443','cryo.test@yandex.by','tester','user for test API Mailer',NULL,'user',1,1,2013-01-01),
 ('544','Test user №444','cryo.test@ya.ru','tester','user for test API Mailer',NULL,'user',1,1,2013-01-01),
 ('545','Test user №445','cryo.test@yandex.ru','tester','user for test API Mailer',NULL,'user',1,1,2013-01-01),
 ('546','Test user №446','cryo.test@yandex.com','tester','user for test API Mailer',NULL,'user',1,1,2013-01-01),
 ('547','Test user №447','cryo.test@yandex.ua','tester','user for test API Mailer',NULL,'user',1,1,2013-01-01),
 ('548','Test user №448','cryo.test@yandex.kz','tester','user for test API Mailer',NULL,'user',1,1,2013-01-01),
 ('549','Test user №449','cryo.test@yandex.by','tester','user for test API Mailer',NULL,'user',1,1,2013-01-01),
 ('550','Test user №450','cryo.test@ya.ru','tester','user for test API Mailer',NULL,'user',1,1,2013-01-01),
 ('551','Test user №451','cryo.test@yandex.ru','tester','user for test API Mailer',NULL,'user',1,1,2013-01-01),
 ('552','Test user №452','cryo.test@yandex.com','tester','user for test API Mailer',NULL,'user',1,1,2013-01-01),
 ('553','Test user №453','cryo.test@yandex.ua','tester','user for test API Mailer',NULL,'user',1,1,2013-01-01),
 ('554','Test user №454','cryo.test@yandex.kz','tester','user for test API Mailer',NULL,'user',1,1,2013-01-01),
 ('555','Test user №455','cryo.test@yandex.by','tester','user for test API Mailer',NULL,'user',1,1,2013-01-01),
 ('556','Test user №456','cryo.test@ya.ru','tester','user for test API Mailer',NULL,'user',1,1,2013-01-01),
 ('557','Test user №457','cryo.test@yandex.ru','tester','user for test API Mailer',NULL,'user',1,1,2013-01-01),
 ('558','Test user №458','cryo.test@yandex.com','tester','user for test API Mailer',NULL,'user',1,1,2013-01-01),
 ('559','Test user №459','cryo.test@yandex.ua','tester','user for test API Mailer',NULL,'user',1,1,2013-01-01),
 ('560','Test user №460','cryo.test@yandex.kz','tester','user for test API Mailer',NULL,'user',1,1,2013-01-01),
 ('561','Test user №461','cryo.test@yandex.by','tester','user for test API Mailer',NULL,'user',1,1,2013-01-01),
 ('562','Test user №462','cryo.test@ya.ru','tester','user for test API Mailer',NULL,'user',1,1,2013-01-01),
 ('563','Test user №463','cryo.test@yandex.ru','tester','user for test API Mailer',NULL,'user',1,1,2013-01-01),
 ('564','Test user №464','cryo.test@yandex.com','tester','user for test API Mailer',NULL,'user',1,1,2013-01-01),
 ('565','Test user №465','cryo.test@yandex.ua','tester','user for test API Mailer',NULL,'user',1,1,2013-01-01),
 ('566','Test user №466','cryo.test@yandex.kz','tester','user for test API Mailer',NULL,'user',1,1,2013-01-01),
 ('567','Test user №467','cryo.test@yandex.by','tester','user for test API Mailer',NULL,'user',1,1,2013-01-01),
 ('568','Test user №468','cryo.test@ya.ru','tester','user for test API Mailer',NULL,'user',1,1,2013-01-01),
 ('569','Test user №469','cryo.test@yandex.ru','tester','user for test API Mailer',NULL,'user',1,1,2013-01-01),
 ('570','Test user №470','cryo.test@yandex.com','tester','user for test API Mailer',NULL,'user',1,1,2013-01-01),
 ('571','Test user №471','cryo.test@yandex.ua','tester','user for test API Mailer',NULL,'user',1,1,2013-01-01),
 ('572','Test user №472','cryo.test@yandex.kz','tester','user for test API Mailer',NULL,'user',1,1,2013-01-01),
 ('573','Test user №473','cryo.test@yandex.by','tester','user for test API Mailer',NULL,'user',1,1,2013-01-01),
 ('574','Test user №474','cryo.test@ya.ru','tester','user for test API Mailer',NULL,'user',1,1,2013-01-01),
 ('575','Test user №475','cryo.test@yandex.ru','tester','user for test API Mailer',NULL,'user',1,1,2013-01-01),
 ('576','Test user №476','cryo.test@yandex.com','tester','user for test API Mailer',NULL,'user',1,1,2013-01-01),
 ('577','Test user №477','cryo.test@yandex.ua','tester','user for test API Mailer',NULL,'user',1,1,2013-01-01),
 ('578','Test user №478','cryo.test@yandex.kz','tester','user for test API Mailer',NULL,'user',1,1,2013-01-01),
 ('579','Test user №479','cryo.test@yandex.by','tester','user for test API Mailer',NULL,'user',1,1,2013-01-01),
 ('580','Test user №480','cryo.test@ya.ru','tester','user for test API Mailer',NULL,'user',1,1,2013-01-01),
 ('581','Test user №481','cryo.test@yandex.ru','tester','user for test API Mailer',NULL,'user',1,1,2013-01-01),
 ('582','Test user №482','cryo.test@yandex.com','tester','user for test API Mailer',NULL,'user',1,1,2013-01-01),
 ('583','Test user №483','cryo.test@yandex.ua','tester','user for test API Mailer',NULL,'user',1,1,2013-01-01),
 ('584','Test user №484','cryo.test@yandex.kz','tester','user for test API Mailer',NULL,'user',1,1,2013-01-01),
 ('585','Test user №485','cryo.test@yandex.by','tester','user for test API Mailer',NULL,'user',1,1,2013-01-01),
 ('586','Test user №486','cryo.test@ya.ru','tester','user for test API Mailer',NULL,'user',1,1,2013-01-01),
 ('587','Test user №487','cryo.test@yandex.ru','tester','user for test API Mailer',NULL,'user',1,1,2013-01-01),
 ('588','Test user №488','cryo.test@yandex.com','tester','user for test API Mailer',NULL,'user',1,1,2013-01-01),
 ('589','Test user №489','cryo.test@yandex.ua','tester','user for test API Mailer',NULL,'user',1,1,2013-01-01),
 ('590','Test user №490','cryo.test@yandex.kz','tester','user for test API Mailer',NULL,'user',1,1,2013-01-01),
 ('591','Test user №491','cryo.test@yandex.by','tester','user for test API Mailer',NULL,'user',1,1,2013-01-01),
 ('592','Test user №492','cryo.test@ya.ru','tester','user for test API Mailer',NULL,'user',1,1,2013-01-01),
 ('593','Test user №493','cryo.test@yandex.ru','tester','user for test API Mailer',NULL,'user',1,1,2013-01-01),
 ('594','Test user №494','cryo.test@yandex.com','tester','user for test API Mailer',NULL,'user',1,1,2013-01-01),
 ('595','Test user №495','cryo.test@yandex.ua','tester','user for test API Mailer',NULL,'user',1,1,2013-01-01),
 ('596','Test user №496','cryo.test@yandex.kz','tester','user for test API Mailer',NULL,'user',1,1,2013-01-01),
 ('597','Test user №497','cryo.test@yandex.by','tester','user for test API Mailer',NULL,'user',1,1,2013-01-01),
 ('598','Test user №498','cryo.test@ya.ru','tester','user for test API Mailer',NULL,'user',1,1,2013-01-01),
 ('599','Test user №499','cryo.test@yandex.ru','tester','user for test API Mailer',NULL,'user',1,1,2013-01-01),
 ('600','Test user №500','cryo.test@yandex.com','tester','user for test API Mailer',NULL,'user',1,1,2013-01-01);
INSERT INTO `cryo`.`user_category` (`id`, `user_id`, `category_id`) VALUES
 ('101','201','1'),
 ('102','201','2'),
 ('103','202','1'),
 ('104','202','2'),
 ('105','203','1'),
 ('106','203','2'),
 ('107','204','1'),
 ('108','204','2'),
 ('109','205','1'),
 ('110','205','2'),
 ('111','206','1'),
 ('112','206','2'),
 ('113','207','1'),
 ('114','207','2'),
 ('115','208','1'),
 ('116','208','2'),
 ('117','209','1'),
 ('118','209','2'),
 ('119','210','1'),
 ('120','210','2'),
 ('121','211','1'),
 ('122','211','2'),
 ('123','212','1'),
 ('124','212','2'),
 ('125','213','1'),
 ('126','213','2'),
 ('127','214','1'),
 ('128','214','2'),
 ('129','215','1'),
 ('130','215','2'),
 ('131','216','1'),
 ('132','216','2'),
 ('133','217','1'),
 ('134','217','2'),
 ('135','218','1'),
 ('136','218','2'),
 ('137','219','1'),
 ('138','219','2'),
 ('139','220','1'),
 ('140','220','2'),
 ('141','221','3'),
 ('142','221','4'),
 ('143','222','3'),
 ('144','222','4'),
 ('145','223','3'),
 ('146','223','4'),
 ('147','224','3'),
 ('148','224','4'),
 ('149','225','3'),
 ('150','225','4'),
 ('151','226','3'),
 ('152','226','4'),
 ('153','227','3'),
 ('154','227','4'),
 ('155','228','3'),
 ('156','228','4'),
 ('157','229','3'),
 ('158','229','4'),
 ('159','230','3'),
 ('160','230','4'),
 ('161','231','3'),
 ('162','231','4'),
 ('163','232','3'),
 ('164','232','4'),
 ('165','233','3'),
 ('166','233','4'),
 ('167','234','3'),
 ('168','234','4'),
 ('169','235','3'),
 ('170','235','4'),
 ('171','236','3'),
 ('172','236','4'),
 ('173','237','3'),
 ('174','237','4'),
 ('175','238','3'),
 ('176','238','4'),
 ('177','239','3'),
 ('178','239','4'),
 ('179','240','3'),
 ('180','240','4'),
 ('181','241','5'),
 ('182','241','6'),
 ('183','242','5'),
 ('184','242','6'),
 ('185','243','5'),
 ('186','243','6'),
 ('187','244','5'),
 ('188','244','6'),
 ('189','245','5'),
 ('190','245','6'),
 ('191','246','5'),
 ('192','246','6'),
 ('193','247','5'),
 ('194','247','6'),
 ('195','248','5'),
 ('196','248','6'),
 ('197','249','5'),
 ('198','249','6'),
 ('199','250','5'),
 ('200','250','6'),
 ('201','251','5'),
 ('202','251','6'),
 ('203','252','5'),
 ('204','252','6'),
 ('205','253','5'),
 ('206','253','6'),
 ('207','254','5'),
 ('208','254','6'),
 ('209','255','5'),
 ('210','255','6'),
 ('211','256','5'),
 ('212','256','6'),
 ('213','257','5'),
 ('214','257','6'),
 ('215','258','5'),
 ('216','258','6'),
 ('217','259','5'),
 ('218','259','6'),
 ('219','260','5'),
 ('220','260','6');
INSERT INTO `cryo`.`article` (`id`, `category`,`title`,`description`,`text`,`url_hash`,`date`,`time`,`news_of_the_day`,`is_published`,`is_archived`,`is_blocked`,`main_news`,`user_id`,`is_migrated`,`show_photo_in_article`) VALUES
 ('101','test','test #1','article for test API Mailer','nothing to read','test_article_1',2014-01-10,10-10-10,0,1,0,0,0,3,0,0),
 ('102','test','test #2','article for test API Mailer','nothing to read','test_article_2',2014-01-10,10-10-10,0,1,0,0,0,3,0,0),
 ('103','test','test #3','article for test API Mailer','nothing to read','test_article_3',2014-01-10,10-10-10,0,1,0,0,0,3,0,0),
 ('104','test','test #4','article for test API Mailer','nothing to read','test_article_4',2014-01-10,10-10-10,0,1,0,0,0,3,0,0),
 ('105','test','test #5','article for test API Mailer','nothing to read','test_article_5',2014-01-10,10-10-10,0,1,0,0,0,3,0,0),
 ('106','test','test #6','article for test API Mailer','nothing to read','test_article_6',2014-01-10,10-10-10,0,1,0,0,0,3,0,0),
 ('107','test','test #7','article for test API Mailer','nothing to read','test_article_7',2014-01-10,10-10-10,0,1,0,0,0,3,0,0),
 ('108','test','test #8','article for test API Mailer','nothing to read','test_article_8',2014-01-10,10-10-10,0,1,0,0,0,3,0,0),
 ('109','test','test #9','article for test API Mailer','nothing to read','test_article_9',2014-01-10,10-10-10,0,1,0,0,0,3,0,0),
 ('110','test','test #10','article for test API Mailer','nothing to read','test_article_10',2014-01-10,10-10-10,0,1,0,0,0,3,0,0),
 ('111','test','test #11','article for test API Mailer','nothing to read','test_article_11',2014-01-10,10-10-10,0,1,0,0,0,3,0,0),
 ('112','test','test #12','article for test API Mailer','nothing to read','test_article_12',2014-01-10,10-10-10,0,1,0,0,0,3,0,0),
 ('113','test','test #13','article for test API Mailer','nothing to read','test_article_13',2014-01-10,10-10-10,0,1,0,0,0,3,0,0),
 ('114','test','test #14','article for test API Mailer','nothing to read','test_article_14',2014-01-10,10-10-10,0,1,0,0,0,3,0,0),
 ('115','test','test #15','article for test API Mailer','nothing to read','test_article_15',2014-01-10,10-10-10,0,1,0,0,0,3,0,0),
 ('116','test','test #16','article for test API Mailer','nothing to read','test_article_16',2014-01-10,10-10-10,0,1,0,0,0,3,0,0),
 ('117','test','test #17','article for test API Mailer','nothing to read','test_article_17',2014-01-10,10-10-10,0,1,0,0,0,3,0,0),
 ('118','test','test #18','article for test API Mailer','nothing to read','test_article_18',2014-01-10,10-10-10,0,1,0,0,0,3,0,0),
 ('119','test','test #19','article for test API Mailer','nothing to read','test_article_19',2014-01-10,10-10-10,0,1,0,0,0,3,0,0),
 ('120','test','test #20','article for test API Mailer','nothing to read','test_article_20',2014-01-10,10-10-10,0,1,0,0,0,3,0,0),
 ('121','test','test #21','article for test API Mailer','nothing to read','test_article_21',2014-01-10,10-10-10,0,1,0,0,0,3,0,0),
 ('122','test','test #22','article for test API Mailer','nothing to read','test_article_22',2014-01-10,10-10-10,0,1,0,0,0,3,0,0),
 ('123','test','test #23','article for test API Mailer','nothing to read','test_article_23',2014-01-10,10-10-10,0,1,0,0,0,3,0,0),
 ('124','test','test #24','article for test API Mailer','nothing to read','test_article_24',2014-01-10,10-10-10,0,1,0,0,0,3,0,0),
 ('125','test','test #25','article for test API Mailer','nothing to read','test_article_25',2014-01-10,10-10-10,0,1,0,0,0,3,0,0),
 ('126','test','test #26','article for test API Mailer','nothing to read','test_article_26',2014-01-10,10-10-10,0,1,0,0,0,3,0,0),
 ('127','test','test #27','article for test API Mailer','nothing to read','test_article_27',2014-01-10,10-10-10,0,1,0,0,0,3,0,0),
 ('128','test','test #28','article for test API Mailer','nothing to read','test_article_28',2014-01-10,10-10-10,0,1,0,0,0,3,0,0),
 ('129','test','test #29','article for test API Mailer','nothing to read','test_article_29',2014-01-10,10-10-10,0,1,0,0,0,3,0,0),
 ('130','test','test #30','article for test API Mailer','nothing to read','test_article_30',2014-01-10,10-10-10,0,1,0,0,0,3,0,0);
INSERT INTO `cryo`.`article_category` (`id`, `article_id`,`category_id`) VALUES
 ('101','101','2'),
 ('102','102','2'),
 ('103','103','2'),
 ('104','104','2'),
 ('105','105','2'),
 ('106','106','3'),
 ('107','107','3'),
 ('108','108','3'),
 ('109','109','3'),
 ('110','110','3'),
 ('111','111','4'),
 ('112','112','4'),
 ('113','113','4'),
 ('114','114','4'),
 ('115','115','4'),
 ('116','116','5'),
 ('117','117','5'),
 ('118','118','5'),
 ('119','119','5'),
 ('120','120','5'),
 ('121','121','6'),
 ('122','122','6'),
 ('123','123','6'),
 ('124','124','6'),
 ('125','125','6'),
 ('126','126',''),
 ('127','127',''),
 ('128','128',''),
 ('129','129',''),
 ('130','130','');
 COMMIT;